class_id,class_label,support,baseline_precision,baseline_recall,baseline_f1,full_precision,full_recall,full_f1,delta_f1,baseline_main_confused_with,baseline_main_confusion_count,full_main_confused_with,full_main_confusion_count
169,169,4,1.0,0.25,0.4,0.6666666666666666,0.5,0.5714285714285715,0.17142857142857149,32,1,32,1
128,128,19,1.0,0.42105263157894735,0.5925925925925926,0.9230769230769231,0.631578947368421,0.7499999999999999,0.15740740740740733,127,2,12,1
213,213,11,0.625,0.9090909090909091,0.7407407407407406,0.8333333333333334,0.9090909090909091,0.8695652173913043,0.12882447665056374,109,1,109,1
224,224,16,0.6521739130434783,0.9375,0.7692307692307693,0.8,1.0,0.888888888888889,0.11965811965811968,203,1,0,0
184,184,14,0.7692307692307693,0.7142857142857143,0.7407407407407408,0.8571428571428571,0.8571428571428571,0.8571428571428571,0.11640211640211628,59,2,51,1
230,230,16,0.625,0.9375,0.75,0.7894736842105263,0.9375,0.8571428571428572,0.1071428571428572,231,1,179,1
85,085,38,0.8275862068965517,0.631578947368421,0.716417910447761,0.8571428571428571,0.7894736842105263,0.8219178082191781,0.1054998977714171,15,7,15,5
154,154,131,0.4117647058823529,0.26717557251908397,0.32407407407407407,0.46788990825688076,0.3893129770992366,0.425,0.10092592592592592,153,39,153,31
4,004,33,0.64,0.48484848484848486,0.5517241379310344,0.85,0.5151515151515151,0.6415094339622641,0.08978529603122976,1,4,2,4
216,216,16,0.4642857142857143,0.8125,0.5909090909090908,0.5652173913043478,0.8125,0.6666666666666667,0.07575757575757591,68,2,67,2
181,181,15,0.7692307692307693,0.6666666666666666,0.7142857142857142,0.8461538461538461,0.7333333333333333,0.7857142857142856,0.0714285714285714,177,2,177,2
7,007,55,0.7959183673469388,0.7090909090909091,0.75,0.9111111111111111,0.7454545454545455,0.8200000000000001,0.07000000000000006,135,9,135,8
160,160,15,0.8571428571428571,0.8,0.8275862068965518,0.9285714285714286,0.8666666666666667,0.896551724137931,0.06896551724137923,185,2,185,1
179,179,113,0.6608695652173913,0.672566371681416,0.6666666666666667,0.7058823529411765,0.7433628318584071,0.7241379310344829,0.05747126436781613,189,11,189,5
200,200,131,0.6850393700787402,0.6641221374045801,0.6744186046511628,0.7185185185185186,0.7404580152671756,0.7293233082706767,0.05490470361951394,201,26,201,20
42,042,29,0.7931034482758621,0.7931034482758621,0.7931034482758621,0.8333333333333334,0.8620689655172413,0.847457627118644,0.05435417884278193,22,2,22,1
115,115,35,0.8125,0.7428571428571429,0.7761194029850748,0.8285714285714286,0.8285714285714286,0.8285714285714286,0.05245202558635387,114,3,114,2
215,215,16,0.6,0.9375,0.7317073170731707,0.64,1.0,0.7804878048780487,0.04878048780487798,171,1,0,0
214,214,16,0.7142857142857143,0.9375,0.8108108108108109,0.7894736842105263,0.9375,0.8571428571428572,0.04633204633204635,57,1,57,1
14,014,69,0.9508196721311475,0.8405797101449275,0.8923076923076922,1.0,0.8840579710144928,0.9384615384615386,0.04615384615384632,15,4,15,4
227,227,16,0.6818181818181818,0.9375,0.7894736842105263,0.75,0.9375,0.8333333333333334,0.04385964912280704,83,1,83,1
186,186,11,0.9166666666666666,1.0,0.9565217391304348,1.0,1.0,1.0,0.04347826086956519,0,0,0,0
190,190,80,0.8571428571428571,0.9,0.8780487804878048,0.9036144578313253,0.9375,0.920245398773006,0.04219661828520127,19,1,97,1
203,203,131,0.8214285714285714,0.8778625954198473,0.8487084870848709,0.8805970149253731,0.9007633587786259,0.890566037735849,0.04185755065097807,205,5,205,4
187,187,70,0.7777777777777778,0.7,0.7368421052631577,0.8360655737704918,0.7285714285714285,0.7786259541984734,0.041783848935315615,222,5,222,6
219,219,24,0.72,0.75,0.7346938775510204,0.76,0.7916666666666666,0.7755102040816326,0.04081632653061218,90,2,90,2
198,198,38,0.8529411764705882,0.7631578947368421,0.8055555555555555,0.825,0.868421052631579,0.8461538461538461,0.040598290598290676,197,8,197,4
156,156,20,0.5789473684210527,0.55,0.5641025641025641,0.5652173913043478,0.65,0.6046511627906976,0.04054859868813354,157,2,161,2
103,103,69,0.8939393939393939,0.855072463768116,0.8740740740740741,0.9253731343283582,0.8985507246376812,0.9117647058823529,0.03769063180827881,102,3,102,2
67,067,80,0.65,0.4875,0.5571428571428572,0.6470588235294118,0.55,0.5945945945945946,0.037451737451737466,68,18,68,16
15,015,131,0.6131386861313869,0.6412213740458015,0.6268656716417911,0.6641221374045801,0.6641221374045801,0.6641221374045801,0.03725646576278907,17,23,17,24
76,076,56,0.9534883720930233,0.7321428571428571,0.8282828282828282,0.9375,0.8035714285714286,0.8653846153846154,0.03710178710178724,30,4,30,4
65,065,34,0.9655172413793104,0.8235294117647058,0.888888888888889,0.9393939393939394,0.9117647058823529,0.9253731343283583,0.036484245439469376,69,3,61,1
29,029,28,0.9259259259259259,0.8928571428571429,0.9090909090909091,0.9629629629629629,0.9285714285714286,0.9454545454545454,0.036363636363636376,31,1,6,1
40,040,56,0.8928571428571429,0.8928571428571429,0.8928571428571429,0.9285714285714286,0.9285714285714286,0.9285714285714286,0.0357142857142857,52,2,36,1
22,022,131,0.8099173553719008,0.7480916030534351,0.7777777777777777,0.832,0.7938931297709924,0.8125,0.03472222222222232,20,7,21,5
197,197,131,0.7,0.8549618320610687,0.7697594501718212,0.7730496453900709,0.8320610687022901,0.8014705882352942,0.03171113806347292,199,6,199,7
220,220,16,0.75,0.9375,0.8333333333333334,0.7619047619047619,1.0,0.8648648648648648,0.03153153153153143,41,1,0,0
192,192,26,0.7857142857142857,0.8461538461538461,0.8148148148148148,0.8461538461538461,0.8461538461538461,0.8461538461538461,0.031339031339031376,30,1,30,1
233,233,16,0.9411764705882353,1.0,0.9696969696969697,1.0,1.0,1.0,0.030303030303030276,0,0,0,0
146,146,131,0.9076923076923077,0.9007633587786259,0.9042145593869731,0.9523809523809523,0.916030534351145,0.933852140077821,0.029637580690847876,140,6,140,6
236,236,16,0.8888888888888888,1.0,0.9411764705882353,0.9411764705882353,1.0,0.9696969696969697,0.028520499108734443,0,0,0,0
33,033,131,0.8978102189781022,0.9389312977099237,0.917910447761194,0.9534883720930233,0.9389312977099237,0.9461538461538462,0.02824339839265222,22,3,22,3
211,211,13,0.7058823529411765,0.9230769230769231,0.8000000000000002,0.75,0.9230769230769231,0.8275862068965517,0.027586206896551557,110,1,110,1
149,149,131,0.7753623188405797,0.816793893129771,0.7955390334572491,0.7985611510791367,0.8473282442748091,0.8222222222222222,0.02668318876497311,151,10,151,7
74,074,39,0.8205128205128205,0.8205128205128205,0.8205128205128205,0.8461538461538461,0.8461538461538461,0.8461538461538461,0.02564102564102566,46,1,89,2
84,084,131,0.8114754098360656,0.7557251908396947,0.782608695652174,0.8306451612903226,0.7862595419847328,0.807843137254902,0.02523444160272803,90,15,90,17
228,228,16,0.6190476190476191,0.8125,0.7027027027027026,0.5714285714285714,1.0,0.7272727272727273,0.024570024570024662,72,2,0,0
239,239,16,0.7619047619047619,1.0,0.8648648648648648,0.8,1.0,0.888888888888889,0.02402402402402415,0,0,0,0
20,020,131,0.8739495798319328,0.7938931297709924,0.832,0.8991596638655462,0.816793893129771,0.856,0.02400000000000002,22,7,21,8
138,138,61,0.7017543859649122,0.6557377049180327,0.6779661016949152,0.7547169811320755,0.6557377049180327,0.7017543859649122,0.023788284269997018,152,3,199,3
58,058,131,0.7560975609756098,0.7099236641221374,0.7322834645669292,0.7804878048780488,0.732824427480916,0.7559055118110236,0.023622047244094446,179,5,179,5
159,159,131,0.8125,0.7938931297709924,0.8030888030888031,0.8359375,0.816793893129771,0.8262548262548262,0.02316602316602301,164,5,165,7
43,043,131,0.8931297709923665,0.8931297709923665,0.8931297709923665,0.916030534351145,0.916030534351145,0.916030534351145,0.022900763358778553,223,7,223,5
32,032,131,0.8661417322834646,0.8396946564885496,0.8527131782945735,0.896,0.8549618320610687,0.875,0.022286821705426507,52,4,52,4
135,135,131,0.656934306569343,0.6870229007633588,0.6716417910447762,0.6714285714285714,0.7175572519083969,0.6937269372693727,0.022085146224596564,134,22,134,23
194,194,14,0.75,0.6428571428571429,0.6923076923076924,0.7142857142857143,0.7142857142857143,0.7142857142857143,0.0219780219780219,173,2,173,2
87,087,131,0.8731343283582089,0.8931297709923665,0.8830188679245283,0.9015151515151515,0.9083969465648855,0.9049429657794676,0.021924097854939317,89,6,89,8
237,237,16,0.6956521739130435,1.0,0.8205128205128205,0.7272727272727273,1.0,0.8421052631578948,0.021592442645074317,0,0,0,0
223,223,40,0.8444444444444444,0.95,0.8941176470588236,0.8837209302325582,0.95,0.9156626506024096,0.021545003543586017,43,2,43,2
212,212,24,0.96,1.0,0.9795918367346939,1.0,1.0,1.0,0.020408163265306145,0,0,0,0
83,083,71,0.8904109589041096,0.9154929577464789,0.9027777777777778,0.9166666666666666,0.9295774647887324,0.9230769230769231,0.020299145299145338,227,3,227,2
182,182,67,0.7058823529411765,0.7164179104477612,0.7111111111111111,0.7313432835820896,0.7313432835820896,0.7313432835820896,0.020232172470978416,28,15,28,15
2,002,103,0.8141592920353983,0.8932038834951457,0.851851851851852,0.8518518518518519,0.8932038834951457,0.8720379146919431,0.020186062840091168,1,7,1,9
205,205,131,0.864406779661017,0.7786259541984732,0.8192771084337348,0.8629032258064516,0.816793893129771,0.8392156862745098,0.019938577840775018,53,10,53,12
6,006,131,0.852112676056338,0.9236641221374046,0.8864468864468864,0.8897058823529411,0.9236641221374046,0.9063670411985019,0.01992015475161546,53,2,9,1
204,204,122,0.819672131147541,0.819672131147541,0.819672131147541,0.8429752066115702,0.8360655737704918,0.8395061728395061,0.01983404169196512,195,4,195,5
71,071,144,0.8903225806451613,0.9583333333333334,0.9230769230769231,0.9150326797385621,0.9722222222222222,0.9427609427609427,0.01968401968401956,33,1,44,1
69,069,40,0.7619047619047619,0.8,0.7804878048780488,0.8,0.8,0.8000000000000002,0.019512195121951348,30,1,72,2
31,031,105,0.8411214953271028,0.8571428571428571,0.8490566037735849,0.89,0.8476190476190476,0.8682926829268293,0.019236079153244323,98,4,98,5
47,047,51,0.9074074074074074,0.9607843137254902,0.9333333333333333,0.9423076923076923,0.9607843137254902,0.9514563106796117,0.018122977346278324,33,1,33,1
155,155,131,0.8897058823529411,0.9236641221374046,0.9063670411985019,0.9172932330827067,0.9312977099236641,0.9242424242424241,0.01787538304392222,151,5,151,4
41,041,125,0.9911504424778761,0.896,0.9411764705882352,1.0,0.92,0.9583333333333334,0.0171568627450982,220,5,220,5
38,038,131,0.8518518518518519,0.8778625954198473,0.8646616541353385,0.8561151079136691,0.9083969465648855,0.8814814814814815,0.016819827346143068,73,2,9,1
88,088,55,0.8833333333333333,0.9636363636363636,0.9217391304347826,0.9137931034482759,0.9636363636363636,0.9380530973451328,0.01631396691035014,114,1,114,1
100,100,64,0.819672131147541,0.78125,0.8,0.8360655737704918,0.796875,0.816,0.015999999999999903,98,4,98,4
151,151,131,0.6793893129770993,0.6793893129770993,0.6793893129770993,0.712,0.6793893129770993,0.6953125000000001,0.015923187022900853,149,13,149,10
80,080,86,0.7702702702702703,0.6627906976744186,0.7124999999999999,0.7763157894736842,0.686046511627907,0.7283950617283951,0.015895061728395166,187,10,81,12
64,064,68,0.8863636363636364,0.5735294117647058,0.6964285714285713,0.84,0.6176470588235294,0.711864406779661,0.015435835351089722,209,5,209,5
82,082,89,0.7283950617283951,0.6629213483146067,0.6941176470588235,0.7349397590361446,0.6853932584269663,0.7093023255813955,0.015184678522571993,96,10,96,8
117,117,101,0.7383177570093458,0.7821782178217822,0.7596153846153846,0.7669902912621359,0.7821782178217822,0.7745098039215688,0.014894419306184181,116,15,116,14
48,048,31,0.8823529411764706,0.967741935483871,0.923076923076923,0.9090909090909091,0.967741935483871,0.9374999999999999,0.014423076923076872,33,1,33,1
90,090,139,0.7092198581560284,0.7194244604316546,0.7142857142857142,0.6973684210526315,0.762589928057554,0.7285223367697595,0.014236622484045336,84,15,84,13
70,070,131,0.9035087719298246,0.7862595419847328,0.8408163265306122,0.905982905982906,0.8091603053435115,0.8548387096774193,0.014022383146807038,71,14,71,10
124,124,44,0.972972972972973,0.8181818181818182,0.8888888888888891,0.9736842105263158,0.8409090909090909,0.9024390243902439,0.013550135501354865,123,3,27,1
229,229,16,0.7142857142857143,0.9375,0.8108108108108109,0.7777777777777778,0.875,0.823529411764706,0.012718600953895098,89,1,73,1
110,110,131,0.943089430894309,0.8854961832061069,0.9133858267716536,0.9444444444444444,0.9083969465648855,0.9260700389105058,0.01268421213885218,211,5,211,4
55,055,34,0.8333333333333334,0.8823529411764706,0.8571428571428571,0.8571428571428571,0.8823529411764706,0.8695652173913043,0.012422360248447228,26,1,5,1
147,147,131,0.937007874015748,0.9083969465648855,0.9224806201550387,0.9384615384615385,0.9312977099236641,0.9348659003831418,0.012385280228103035,199,8,199,7
1,001,95,0.7524752475247525,0.8,0.7755102040816327,0.7572815533980582,0.8210526315789474,0.7878787878787878,0.012368583797155108,0,7,0,7
133,133,45,0.9318181818181818,0.9111111111111111,0.9213483146067416,0.9333333333333333,0.9333333333333333,0.9333333333333333,0.011985018726591745,132,2,132,1
98,098,83,0.6309523809523809,0.6385542168674698,0.6347305389221557,0.6428571428571429,0.6506024096385542,0.6467065868263473,0.0119760479041916,97,11,97,11
196,196,131,0.9774436090225563,0.9923664122137404,0.9848484848484848,0.9924242424242424,1.0,0.9961977186311787,0.011349233782693924,203,1,0,0
113,113,131,0.9624060150375939,0.9770992366412213,0.9696969696969696,0.9772727272727273,0.9847328244274809,0.9809885931558935,0.011291623458923872,26,1,26,1
144,144,131,0.71875,0.7022900763358778,0.7104247104247104,0.7419354838709677,0.7022900763358778,0.7215686274509803,0.011143917026269823,143,24,143,27
102,102,39,0.6764705882352942,0.5897435897435898,0.6301369863013699,0.6410256410256411,0.6410256410256411,0.6410256410256411,0.01088865472427114,104,7,104,7
50,050,131,0.920863309352518,0.9770992366412213,0.9481481481481483,0.9545454545454546,0.9618320610687023,0.9581749049429659,0.01002675679481757,180,2,180,2
68,068,131,0.6762589928057554,0.7175572519083969,0.6962962962962963,0.6884057971014492,0.7251908396946565,0.7063197026022304,0.010023406305934124,67,11,67,13
19,019,102,0.6732673267326733,0.6666666666666666,0.6699507389162561,0.6831683168316832,0.6764705882352942,0.6798029556650248,0.009852216748768683,45,14,45,15
199,199,131,0.8067226890756303,0.732824427480916,0.768,0.8099173553719008,0.7480916030534351,0.7777777777777777,0.009777777777777663,197,25,197,19
114,114,131,0.837037037037037,0.8625954198473282,0.849624060150376,0.8560606060606061,0.8625954198473282,0.8593155893536122,0.009691529203236238,118,2,121,3
142,142,131,0.8968253968253969,0.8625954198473282,0.8793774319066149,0.8923076923076924,0.8854961832061069,0.888888888888889,0.009511456982274069,139,7,165,6
26,026,131,0.8796992481203008,0.8931297709923665,0.8863636363636365,0.8759124087591241,0.916030534351145,0.8955223880597015,0.00915875169606506,43,4,115,5
201,201,131,0.7786259541984732,0.7786259541984732,0.7786259541984732,0.796875,0.7786259541984732,0.7876447876447876,0.009018833446314378,200,25,200,27
75,075,105,0.6666666666666666,0.780952380952381,0.719298245614035,0.7053571428571429,0.7523809523809524,0.7281105990783412,0.0088123534643062,72,5,72,6
123,123,127,0.9572649572649573,0.8818897637795275,0.9180327868852459,0.957983193277311,0.8976377952755905,0.926829268292683,0.008796481407437051,138,2,7,1
91,091,117,0.991304347826087,0.9743589743589743,0.9827586206896551,1.0,0.9829059829059829,0.9913793103448275,0.008620689655172376,2,1,60,1
126,126,104,0.883495145631068,0.875,0.8792270531400966,0.900990099009901,0.875,0.8878048780487806,0.008577824908683973,9,1,9,1
166,166,131,0.936,0.8931297709923665,0.9140625000000001,0.937007874015748,0.9083969465648855,0.9224806201550387,0.008418120155038622,28,2,28,2
131,131,147,0.9383561643835616,0.9319727891156463,0.9351535836177475,0.922077922077922,0.9659863945578231,0.9435215946843853,0.00836801106663787,135,2,65,1
195,195,131,0.8625954198473282,0.8625954198473282,0.8625954198473282,0.8428571428571429,0.9007633587786259,0.8708487084870847,0.008253288639756495,200,3,197,3
176,176,131,0.9689922480620154,0.9541984732824428,0.9615384615384615,0.9624060150375939,0.9770992366412213,0.9696969696969696,0.00815850815850816,179,2,0,1
202,202,52,0.84,0.8076923076923077,0.8235294117647058,0.8571428571428571,0.8076923076923077,0.8316831683168318,0.008153756552125913,200,4,200,3
158,158,131,0.7536231884057971,0.7938931297709924,0.7732342007434944,0.7482517482517482,0.816793893129771,0.7810218978102189,0.007787697066724553,162,7,154,5
139,139,131,0.7054263565891473,0.6946564885496184,0.7000000000000001,0.7131782945736435,0.7022900763358778,0.7076923076923077,0.007692307692307665,134,18,134,18
134,134,131,0.5419847328244275,0.5419847328244275,0.5419847328244275,0.549618320610687,0.549618320610687,0.549618320610687,0.007633587786259555,135,29,135,32
62,062,131,0.837037037037037,0.8625954198473282,0.849624060150376,0.8444444444444444,0.8702290076335878,0.8571428571428572,0.007518796992481258,61,15,61,13
167,167,105,0.7272727272727273,0.6095238095238096,0.6632124352331606,0.7303370786516854,0.6190476190476191,0.6701030927835052,0.00689065755034457,171,31,171,28
136,136,59,0.6571428571428571,0.7796610169491526,0.7131782945736433,0.6818181818181818,0.7627118644067796,0.7199999999999999,0.006821705426356517,139,6,139,7
3,003,51,0.925,0.7254901960784313,0.8131868131868133,0.8367346938775511,0.803921568627451,0.8200000000000001,0.006813186813186767,0,2,0,2
189,189,131,0.8091603053435115,0.8091603053435115,0.8091603053435116,0.8387096774193549,0.7938931297709924,0.8156862745098039,0.006525969166292334,179,7,185,8
81,081,131,0.816,0.7786259541984732,0.7968749999999999,0.7969924812030075,0.8091603053435115,0.803030303030303,0.006155303030303094,80,8,80,6
208,208,34,0.6904761904761905,0.8529411764705882,0.7631578947368423,0.6818181818181818,0.8823529411764706,0.7692307692307693,0.006072874493927016,23,1,81,1
96,096,131,0.7786885245901639,0.7251908396946565,0.7509881422924901,0.7916666666666666,0.7251908396946565,0.756972111553785,0.0059839692612948525,90,8,90,10
101,101,90,0.9565217391304348,0.9777777777777777,0.967032967032967,0.956989247311828,0.9888888888888889,0.9726775956284154,0.005644628595448342,85,1,85,1
119,119,88,0.9545454545454546,0.9545454545454546,0.9545454545454546,0.9655172413793104,0.9545454545454546,0.96,0.005454545454545379,159,2,132,1
185,185,131,0.837037037037037,0.8625954198473282,0.849624060150376,0.8333333333333334,0.8778625954198473,0.8550185873605949,0.005394527210218936,179,10,179,7
36,036,102,0.912621359223301,0.9215686274509803,0.9170731707317074,0.9215686274509803,0.9215686274509803,0.9215686274509803,0.004495456719272983,31,3,31,2
51,051,133,0.9142857142857143,0.9624060150375939,0.9377289377289377,0.9090909090909091,0.9774436090225563,0.9420289855072463,0.004300047778308613,134,3,134,2
148,148,131,0.9407407407407408,0.9694656488549618,0.9548872180451129,0.9545454545454546,0.9618320610687023,0.9581749049429659,0.0032876868978529705,98,1,10,1
9,009,143,0.9337748344370861,0.986013986013986,0.9591836734693878,0.94,0.986013986013986,0.962457337883959,0.00327366441457122,38,1,38,1
188,188,100,0.8037383177570093,0.86,0.8309178743961353,0.8383838383838383,0.83,0.8341708542713568,0.003252979875221551,206,12,206,14
18,018,155,0.967948717948718,0.9741935483870968,0.9710610932475885,0.9741935483870968,0.9741935483870968,0.9741935483870968,0.0031324551395083278,17,1,17,1
116,116,139,0.8551724137931035,0.8920863309352518,0.8732394366197184,0.8611111111111112,0.8920863309352518,0.8763250883392226,0.0030856517195042565,117,13,117,13
79,079,131,0.9538461538461539,0.9465648854961832,0.9501915708812262,0.976,0.9312977099236641,0.953125,0.0029334291187738115,58,2,77,2
107,107,131,0.8970588235294118,0.9312977099236641,0.9138576779026218,0.9097744360902256,0.9236641221374046,0.9166666666666667,0.002808988764044895,12,1,112,2
86,086,131,0.9393939393939394,0.9465648854961832,0.9429657794676807,0.9606299212598425,0.9312977099236641,0.945736434108527,0.0027706546408463595,112,3,112,3
23,023,131,0.9,0.8931297709923665,0.8965517241379312,0.9133858267716536,0.8854961832061069,0.8992248062015504,0.00267308206361927,149,2,22,3
137,137,131,0.8778625954198473,0.8778625954198473,0.8778625954198473,0.890625,0.8702290076335878,0.8803088803088803,0.002446284889032979,77,4,77,6
112,112,125,0.8396946564885496,0.88,0.859375,0.8515625,0.872,0.8616600790513834,0.0022850790513834207,106,6,106,8
150,150,108,0.912621359223301,0.8703703703703703,0.8909952606635072,0.897196261682243,0.8888888888888888,0.8930232558139535,0.002027995150446271,101,3,101,2
191,191,43,0.9090909090909091,0.9302325581395349,0.9195402298850575,0.8913043478260869,0.9534883720930233,0.9213483146067417,0.0018080847216842555,30,1,30,1
141,141,98,0.9680851063829787,0.9285714285714286,0.9479166666666666,0.94,0.9591836734693877,0.9494949494949495,0.0015782828282828731,142,3,142,3
73,073,131,0.7288135593220338,0.6564885496183206,0.6907630522088354,0.7864077669902912,0.6183206106870229,0.6923076923076922,0.0015446400988567976,151,11,151,12
16,016,131,0.8120300751879699,0.8244274809160306,0.8181818181818181,0.8074074074074075,0.8320610687022901,0.8195488721804511,0.0013670539986330166,15,16,15,12
57,057,61,0.8888888888888888,0.7868852459016393,0.8347826086956522,0.8360655737704918,0.8360655737704918,0.8360655737704918,0.0012829650748396038,214,6,58,4
30,030,116,0.8796296296296297,0.8189655172413793,0.8482142857142858,0.9029126213592233,0.8017241379310345,0.8493150684931507,0.0011007827788649394,38,2,95,4
183,183,87,0.9080459770114943,0.9080459770114943,0.9080459770114943,0.898876404494382,0.9195402298850575,0.9090909090909091,0.0010449320794148065,180,3,180,3
